852.png,5
616.png,5
375.png,5
772.png,5
1185.png,5
1801.png,5
1009.png,5
429.png,5
780.png,5
1458.png,5
1597.png,5
749.png,5
812.png,5
1198.png,5
593.png,5
344.png,5
301.png,5
1893.png,5
1453.png,5
1634.png,5
433.png,5
1598.png,5
731.png,5
359.png,5
1581.png,5
1481.png,5
1880.png,5
589.png,5
191.png,5
912.png,5
818.png,5
52.png,5
1511.png,5
284.png,5
1279.png,5
833.png,5
1372.png,5
1337.png,5
1859.png,5
827.png,5
1614.png,5
1056.png,5
1772.png,5
907.png,5
1736.png,5
1524.png,5
483.png,5
332.png,5
1546.png,5
781.png,5
1060.png,5
1239.png,5
775.png,5
1429.png,5
709.png,5
1826.png,5
740.png,5
1061.png,2
1722.png,2
1664.png,2
1424.png,2
1709.png,2
1267.png,2
121.png,2
210.png,2
1797.png,2
395.png,2
586.png,2
1022.png,2
636.png,2
157.png,2
1070.png,2
1666.png,2
823.png,2
760.png,2
1999.png,2
773.png,2
1529.png,4
1806.png,4
82.png,4
1204.png,4
1993.png,4
1310.png,4
1345.png,4
20.png,4
738.png,4
287.png,4
939.png,4
1549.png,4
1385.png,4
1938.png,4
688.png,4
522.png,4
651.png,4
1049.png,4
1964.png,4
1255.png,4
15.png,4
1008.png,4
502.png,4
54.png,4
666.png,4
105.png,4
1479.png,4
296.png,4
159.png,4
714.png,4
1981.png,4
1498.png,4
331.png,4
1395.png,4
1031.png,4
1296.png,4
1955.png,4
1810.png,4
285.png,4
1183.png,4
1827.png,4
1041.png,4
1427.png,4
1561.png,4
1079.png,4
1821.png,4
130.png,4
1207.png,4
1920.png,4
1661.png,4
578.png,4
884.png,4
81.png,4
868.png,4
1425.png,4
462.png,4
797.png,4
940.png,4
421.png,4
377.png,4
235.png,4
1015.png,4
470.png,4
1671.png,4
880.png,4
679.png,4
1382.png,4
1336.png,4
1102.png,4
1898.png,4
774.png,4
303.png,4
477.png,4
1670.png,4
1365.png,4
859.png,4
1599.png,4
1961.png,4
684.png,4
1972.png,4
1863.png,4
565.png,4
1883.png,4
1283.png,4
931.png,4
816.png,4
633.png,4
1554.png,4
600.png,4
50.png,4
1882.png,4
330.png,4
1077.png,4
38.png,4
934.png,4
1084.png,4
1170.png,4
423.png,4
1635.png,4
1125.png,4
3.png,4
1353.png,4
64.png,4
1323.png,4
142.png,1
1573.png,1
53.png,1
821.png,1
197.png,3
1601.png,3
1064.png,3
1641.png,3
513.png,3
1150.png,3
941.png,3
923.png,3
1211.png,3
1428.png,3
1349.png,3
1750.png,3
514.png,3
1160.png,3
1667.png,3
1413.png,3
1894.png,3
1747.png,3
1656.png,3
1696.png,3
1208.png,3
234.png,3
1572.png,3
58.png,3
978.png,3
1970.png,3
490.png,3
786.png,3
1919.png,3
415.png,3
271.png,3
384.png,3
1799.png,3
886.png,3
1209.png,3
588.png,3
1157.png,3
1293.png,3
1871.png,3
1387.png,3
